{
  "classes":2,
  "label2train":[
    [0, 0],
    [1, 1]],
  "label":[
    "background",
    "crack"],
  "palette":[
    [0,0,0],
    [255,0,0]],
  "mean":[
    120.11962108,
    130.69787450,
    137.02111115],
  "std":[
    39.03891851,
    34.82510309,
    34.42971648]
}
