{
  "classes":2,
  "label2train":[
    [0, 0],
    [1, 1]],
  "label":[
    "background",
    "crack"],
  "palette":[
    [0,0,0],
    [255,0,0]],
  "mean":[
    182.95078,
    173.42516,
    162.03500],
  "std":[
    22.790250,
    22.761925,
    23.169632]
}
