{
  "classes":2,
  "label2train":[
    [0, 0],
    [1, 1]],
  "label":[
    "background",
    "crack"],
  "palette":[
    [0,0,0],
    [255,0,0]],
  "mean":[
    129.57201346,
    133.68645398,
    138.82894922],
  "std":[
    19.48578925,
    17.01870579,
    17.55969271]
}
