{
  "classes":2,
  "label2train":[
    [0, 0],
    [1, 1]],
  "label":[
    "background",
    "crack"],
  "palette":[
    [0,0,0],
    [255,0,0]],
  "mean":[
    100.85534943,
    100.85534943,
    100.85534943],
  "std":[
    37.31656609,
    37.31656609,
    37.31656609]
}
