{
  "classes":2,
  "label2train":[
    [0, 0],
    [1, 1]],
  "label":[
    "background",
    "crack"],
  "palette":[
    [0,0,0],
    [255,0,0]],
  "mean":[
    125.20032557,
    126.14937032,
    126.72511472],
  "std":[
    41.60069949,
    41.06496675,
    40.31154530]
}
