{
  "classes":4,
  "label2train":[
    [0, 0],
    [1, 1],
    [2, 2],
    [3, 3]],
  "label":[
    "background",
    "crack",
    "rebar",
    "spalling"],
  "palette":[
    [0,0,0],
    [255,0,0],
    [255,255,0],
    [0,0,255]],
  "mean":[
    138.14046,
    137.48306,
    131.45480],
  "std":[
    44.734947,
    42.970310,
    43.756325]
}
