{
  "classes":2,
  "label2train":[
    [0, 0],
    [1, 1]],
  "label":[
    "background",
    "crack"],
  "palette":[
    [0,0,0],
    [255,0,0]],
  "mean":[
    146.69214,
    143.59215,
    140.25370],
  "std":[
    34.388123,
    34.766644,
    34.785473]
}
