{
  "classes":2,
  "label2train":[
    [0, 0],
    [1, 1]],
  "label":[
    "background",
    "crack"],
  "palette":[
    [0,0,0],
    [255,0,0]],
  "mean":[
    104.85159191,
    118.93133290,
    127.06984280],
  "std":[
    26.70682982,
    25.56828099,
    28.18427942]
}
