{
  "classes":4,
  "label2train":[
    [0, 0],
    [1, 1],
    [2, 2],
    [3, 3]],
  "label":[
    "background",
    "crack",
    "rebar",
    "spalling"],
  "palette":[
    [0,0,0],
    [255,0,0],
    [255,255,0],
    [0,0,255]],
  "mean":[
    131.75105,
    132.92316,
    132.40013],
  "std":[
    41.755240,
    41.813847,
    41.665592]
}
