{
  "classes":2,
  "label2train":[
    [0, 0],
    [1, 1]],
  "label":[
    "background",
    "crack"],
  "palette":[
    [0,0,0],
    [255,0,0]],
  "mean":[
    152.584635,
    149.12654106,
    144.02280361],
  "std":[
    38.09623841,
    37.10851863,
    36.89877862]
}
