{
  "classes":2,
  "label2train":[
    [0, 0],
    [1, 1]],
  "label":[
    "background",
    "crack"],
  "palette":[
    [0,0,0],
    [255,0,0]],
  "mean":[
    152.70558921,
    149.24743248,
    144.14380953],
  "std":[
    38.71662815,
    37.74474887,
    37.53753341]
}
