{
  "classes":2,
  "label2train":[
    [0, 0],
    [1, 1]],
  "label":[
    "background",
    "crack"],
  "palette":[
    [0,0,0],
    [255,0,0]],
  "mean":[
    136.32658288,
    136.32658288,
    136.32658288],
  "std":[
    34.48036097,
    34.48036097,
    34.48036097]
}
