{
  "classes":2,
  "label2train":[
    [0, 0],
    [1, 1]],
  "label":[
    "background",
    "crack"],
  "palette":[
    [0,0,0],
    [255,0,0]],
  "mean":[
    101.98913426,
    101.98913426,
    101.98913426],
  "std":[
    38.29253881,
    38.29253881,
    38.29253881]
}
