{
  "classes":2,
  "label2train":[
    [0, 0],
    [1, 1]],
  "label":[
    "background",
    "crack"],
  "palette":[
    [0,0,0],
    [255,0,0]],
  "mean":[
    101.86745326,
    101.86745326,
    101.86745326],
  "std":[
    37.6259707,
    37.6259707,
    37.6259707]
}
